2,0,"{'dominant_colors': {'orange': 0.93368125}, 'line_colors': {}}",רחוב חנקין,['אזור מגורים בבניה עירונית']
8,0,"{'dominant_colors': {'orange': 0.88330625}, 'line_colors': {}}",רחוב חנקין,['אזור מגורים בבניה עירונית']
10,0,"{'dominant_colors': {'orange': 0.95753125}, 'line_colors': {}}",רחוב חנקין,['אזור מגורים בבניה עירונית']
12,0,"{'dominant_colors': {'orange': 0.93300625}, 'line_colors': {}}",רחוב חנקין,['אזור מגורים בבניה עירונית']
1,1,"{'dominant_colors': {'orange': 0.93370625}, 'line_colors': {}}",רחוב חנקין,['אזור מגורים בבניה עירונית']
3,1,"{'dominant_colors': {'orange': 0.93515625}, 'line_colors': {}}",רחוב חנקין,['אזור מגורים בבניה עירונית']
5,1,"{'dominant_colors': {'orange': 0.9335875}, 'line_colors': {}}",רחוב חנקין,['אזור מגורים בבניה עירונית']
7,1,"{'dominant_colors': {'orange': 1.0}, 'line_colors': {}}",רחוב חנקין,['אזור מגורים בבניה עירונית']
9,1,"{'dominant_colors': {'orange': 0.9331625}, 'line_colors': {}}",רחוב חנקין,['אזור מגורים בבניה עירונית']
11,1,"{'dominant_colors': {'orange': 0.931125}, 'line_colors': {}}",רחוב חנקין,['אזור מגורים בבניה עירונית']
13,1,"{'dominant_colors': {'orange': 0.8951875}, 'line_colors': {}}",רחוב חנקין,['אזור מגורים בבניה עירונית']
2,0,"{'dominant_colors': {'park_green': 0.30005}, 'line_colors': {}}",רחוב נחלת בנימין,['שטח פתוח מטרופוליני']
4,0,"{'dominant_colors': {'pink': 0.38481875}, 'line_colors': {}}",רחוב נחלת בנימין,['אזור מעורב לתעסוקה ולמגורים']
6,0,"{'dominant_colors': {'pink': 0.38481875}, 'line_colors': {}}",רחוב נחלת בנימין,['אזור מעורב לתעסוקה ולמגורים']
8,0,"{'dominant_colors': {'pink': 0.38481875}, 'line_colors': {}}",רחוב נחלת בנימין,['אזור מעורב לתעסוקה ולמגורים']
10,0,"{'dominant_colors': {'pink': 0.35845}, 'line_colors': {}}",רחוב נחלת בנימין,['אזור מעורב לתעסוקה ולמגורים']
12,0,"{'dominant_colors': {'pink': 0.45376875}, 'line_colors': {}}",רחוב נחלת בנימין,['אזור מעורב לתעסוקה ולמגורים']
14,0,"{'dominant_colors': {'pink': 0.5513875}, 'line_colors': {}}",רחוב נחלת בנימין,['אזור מעורב לתעסוקה ולמגורים']
16,0,"{'dominant_colors': {'pink': 0.3878125}, 'line_colors': {}}",רחוב נחלת בנימין,['אזור מעורב לתעסוקה ולמגורים']
18,0,"{'dominant_colors': {'pink': 0.3519875}, 'line_colors': {}}",רחוב נחלת בנימין,['אזור מעורב לתעסוקה ולמגורים']
18א,0,"{'dominant_colors': {'pink': 0.97253125}, 'line_colors': {}}",רחוב נחלת בנימין,['אזור מעורב לתעסוקה ולמגורים']
20,0,"{'dominant_colors': {'orange': 0.6961125}, 'line_colors': {}}",רחוב נחלת בנימין,['אזור מגורים בבניה עירונית']
22,0,"{'dominant_colors': {'orange': 0.8367875}, 'line_colors': {}}",רחוב נחלת בנימין,['אזור מגורים בבניה עירונית']
24,0,"{'dominant_colors': {'pink': 0.77295}, 'line_colors': {}}",רחוב נחלת בנימין,['אזור מעורב לתעסוקה ולמגורים']
26,0,"{'dominant_colors': {'pink': 0.92521875}, 'line_colors': {}}",רחוב נחלת בנימין,['אזור מעורב לתעסוקה ולמגורים']
28,0,"{'dominant_colors': {'pink': 0.97675625}, 'line_colors': {}}",רחוב נחלת בנימין,['אזור מעורב לתעסוקה ולמגורים']
30,0,"{'dominant_colors': {'pink': 0.92798125}, 'line_colors': {}}",רחוב נחלת בנימין,['אזור מעורב לתעסוקה ולמגורים']
32,0,"{'dominant_colors': {'pink': 0.882725}, 'line_colors': {}}",רחוב נחלת בנימין,['אזור מעורב לתעסוקה ולמגורים']
34,0,"{'dominant_colors': {'pink': 0.37546875}, 'line_colors': {}}",רחוב נחלת בנימין,['אזור מעורב לתעסוקה ולמגורים']
36,0,"{'dominant_colors': {'pink': 0.37546875}, 'line_colors': {}}",רחוב נחלת בנימין,['אזור מעורב לתעסוקה ולמגורים']
38,0,"{'dominant_colors': {'pink': 0.67969375}, 'line_colors': {}}",רחוב נחלת בנימין,['אזור מעורב לתעסוקה ולמגורים']
40,0,"{'dominant_colors': {'pink': 0.67969375}, 'line_colors': {}}",רחוב נחלת בנימין,['אזור מעורב לתעסוקה ולמגורים']
42,0,"{'dominant_colors': {'pink': 0.78689375}, 'line_colors': {}}",רחוב נחלת בנימין,['אזור מעורב לתעסוקה ולמגורים']
44,0,"{'dominant_colors': {'pink': 0.7984}, 'line_colors': {}}",רחוב נחלת בנימין,['אזור מעורב לתעסוקה ולמגורים']
46,0,"{'dominant_colors': {'pink': 0.8677875}, 'line_colors': {}}",רחוב נחלת בנימין,['אזור מעורב לתעסוקה ולמגורים']
48,0,"{'dominant_colors': {'pink': 0.75860625}, 'line_colors': {}}",רחוב נחלת בנימין,['אזור מעורב לתעסוקה ולמגורים']
50,0,"{'dominant_colors': {'purple_3': 0.56235625, 'shiny_pink': 0.30893125}, 'line_colors': {}}",רחוב נחלת בנימין,"['אזור תעסוקה מטרופוליני', 'אזור תעסוקה סמוך להסעת המונים']"
52,0,"{'dominant_colors': {'purple_3': 0.84323125, 'shiny_pink': 0.064725}, 'line_colors': {}}",רחוב נחלת בנימין,"['אזור תעסוקה מטרופוליני', 'אזור תעסוקה סמוך להסעת המונים']"
54,0,"{'dominant_colors': {'purple_3': 0.84323125, 'shiny_pink': 0.064725}, 'line_colors': {}}",רחוב נחלת בנימין,"['אזור תעסוקה מטרופוליני', 'אזור תעסוקה סמוך להסעת המונים']"
56,0,"{'dominant_colors': {'purple_3': 0.84323125, 'shiny_pink': 0.064725}, 'line_colors': {}}",רחוב נחלת בנימין,"['אזור תעסוקה מטרופוליני', 'אזור תעסוקה סמוך להסעת המונים']"
58,0,"{'dominant_colors': {'purple_3': 0.53048125, 'shiny_pink': 0.13844375}, 'line_colors': {}}",רחוב נחלת בנימין,"['אזור תעסוקה מטרופוליני', 'אזור תעסוקה סמוך להסעת המונים']"
60,0,"{'dominant_colors': {'purple_3': 0.49106875, 'shiny_pink': 0.13350625}, 'line_colors': {}}",רחוב נחלת בנימין,"['אזור תעסוקה מטרופוליני', 'אזור תעסוקה סמוך להסעת המונים']"
62,0,"{'dominant_colors': {'purple_3': 0.83098125}, 'line_colors': {}}",רחוב נחלת בנימין,['אזור תעסוקה מטרופוליני']
64,0,"{'dominant_colors': {'purple_3': 0.71884375, 'shiny_pink': 0.10526875}, 'line_colors': {}}",רחוב נחלת בנימין,"['אזור תעסוקה מטרופוליני', 'אזור תעסוקה סמוך להסעת המונים']"
66,0,"{'dominant_colors': {'purple_3': 0.30254375, 'shiny_pink': 0.179175}, 'line_colors': {}}",רחוב נחלת בנימין,"['אזור תעסוקה מטרופוליני', 'אזור תעסוקה סמוך להסעת המונים']"
68,0,"{'dominant_colors': {'purple_3': 0.38299375, 'shiny_pink': 0.03910625}, 'line_colors': {}}",רחוב נחלת בנימין,"['אזור תעסוקה מטרופוליני', 'אזור תעסוקה סמוך להסעת המונים']"
70,0,"{'dominant_colors': {'purple_3': 0.58808125, 'shiny_pink': 0.01515625}, 'line_colors': {}}",רחוב נחלת בנימין,"['אזור תעסוקה מטרופוליני', 'אזור תעסוקה סמוך להסעת המונים']"
72,0,"{'dominant_colors': {'pink': 0.7586625}, 'line_colors': {}}",רחוב נחלת בנימין,['אזור מעורב לתעסוקה ולמגורים']
74,0,"{'dominant_colors': {'pink': 0.7586625}, 'line_colors': {}}",רחוב נחלת בנימין,['אזור מעורב לתעסוקה ולמגורים']
76,0,"{'dominant_colors': {'pink': 0.7586625}, 'line_colors': {}}",רחוב נחלת בנימין,['אזור מעורב לתעסוקה ולמגורים']
78,0,"{'dominant_colors': {'pink': 0.95485}, 'line_colors': {}}",רחוב נחלת בנימין,['אזור מעורב לתעסוקה ולמגורים']
80,0,"{'dominant_colors': {'pink': 0.95235625}, 'line_colors': {}}",רחוב נחלת בנימין,['אזור מעורב לתעסוקה ולמגורים']
82,0,"{'dominant_colors': {'pink': 0.9450375}, 'line_colors': {}}",רחוב נחלת בנימין,['אזור מעורב לתעסוקה ולמגורים']
84,0,"{'dominant_colors': {'pink': 0.93281875}, 'line_colors': {}}",רחוב נחלת בנימין,['אזור מעורב לתעסוקה ולמגורים']
86,0,"{'dominant_colors': {'pink': 0.92716875}, 'line_colors': {}}",רחוב נחלת בנימין,['אזור מעורב לתעסוקה ולמגורים']
88,0,"{'dominant_colors': {'pink': 0.93276875}, 'line_colors': {}}",רחוב נחלת בנימין,['אזור מעורב לתעסוקה ולמגורים']
90,0,"{'dominant_colors': {'pink': 0.94096875}, 'line_colors': {}}",רחוב נחלת בנימין,['אזור מעורב לתעסוקה ולמגורים']
92,0,"{'dominant_colors': {'pink': 0.94345}, 'line_colors': {}}",רחוב נחלת בנימין,['אזור מעורב לתעסוקה ולמגורים']
94,0,"{'dominant_colors': {'pink': 0.9276625}, 'line_colors': {}}",רחוב נחלת בנימין,['אזור מעורב לתעסוקה ולמגורים']
96,0,"{'dominant_colors': {'pink': 0.9211125}, 'line_colors': {}}",רחוב נחלת בנימין,['אזור מעורב לתעסוקה ולמגורים']
98,0,"{'dominant_colors': {'pink': 0.9386375}, 'line_colors': {}}",רחוב נחלת בנימין,['אזור מעורב לתעסוקה ולמגורים']
100,0,"{'dominant_colors': {'pink': 0.918075}, 'line_colors': {}}",רחוב נחלת בנימין,['אזור מעורב לתעסוקה ולמגורים']
102,0,"{'dominant_colors': {'pink': 0.93273125}, 'line_colors': {}}",רחוב נחלת בנימין,['אזור מעורב לתעסוקה ולמגורים']
104,0,"{'dominant_colors': {'pink': 0.93255625}, 'line_colors': {}}",רחוב נחלת בנימין,['אזור מעורב לתעסוקה ולמגורים']
106,0,"{'dominant_colors': {'pink': 0.9325125}, 'line_colors': {}}",רחוב נחלת בנימין,['אזור מעורב לתעסוקה ולמגורים']
108,0,"{'dominant_colors': {'pink': 0.94056875}, 'line_colors': {}}",רחוב נחלת בנימין,['אזור מעורב לתעסוקה ולמגורים']
110,0,"{'dominant_colors': {'pink': 0.95435}, 'line_colors': {}}",רחוב נחלת בנימין,['אזור מעורב לתעסוקה ולמגורים']
112,0,"{'dominant_colors': {'pink': 0.9653875}, 'line_colors': {}}",רחוב נחלת בנימין,['אזור מעורב לתעסוקה ולמגורים']
114,0,"{'dominant_colors': {'pink': 0.9552875}, 'line_colors': {}}",רחוב נחלת בנימין,['אזור מעורב לתעסוקה ולמגורים']
116,0,"{'dominant_colors': {'pink': 0.94234375}, 'line_colors': {}}",רחוב נחלת בנימין,['אזור מעורב לתעסוקה ולמגורים']
118,0,"{'dominant_colors': {'pink': 0.92723125}, 'line_colors': {}}",רחוב נחלת בנימין,['אזור מעורב לתעסוקה ולמגורים']
120,0,"{'dominant_colors': {'pink': 0.9399}, 'line_colors': {}}",רחוב נחלת בנימין,['אזור מעורב לתעסוקה ולמגורים']
122,0,"{'dominant_colors': {'pink': 0.93091875}, 'line_colors': {}}",רחוב נחלת בנימין,['אזור מעורב לתעסוקה ולמגורים']
124,0,"{'dominant_colors': {'pink': 0.93709375}, 'line_colors': {}}",רחוב נחלת בנימין,['אזור מעורב לתעסוקה ולמגורים']
126,0,"{'dominant_colors': {'pink': 0.932625}, 'line_colors': {}}",רחוב נחלת בנימין,['אזור מעורב לתעסוקה ולמגורים']
128,0,"{'dominant_colors': {'pink': 0.815875}, 'line_colors': {}}",רחוב נחלת בנימין,['אזור מעורב לתעסוקה ולמגורים']
130,0,"{'dominant_colors': {'pink': 0.96328125}, 'line_colors': {}}",רחוב נחלת בנימין,['אזור מעורב לתעסוקה ולמגורים']
132,0,"{'dominant_colors': {'pink': 0.965525}, 'line_colors': {}}",רחוב נחלת בנימין,['אזור מעורב לתעסוקה ולמגורים']
134,0,"{'dominant_colors': {'pink': 0.9653875}, 'line_colors': {}}",רחוב נחלת בנימין,['אזור מעורב לתעסוקה ולמגורים']
136,0,"{'dominant_colors': {'pink': 0.96538125}, 'line_colors': {}}",רחוב נחלת בנימין,['אזור מעורב לתעסוקה ולמגורים']
138,0,"{'dominant_colors': {'pink': 0.9654875}, 'line_colors': {}}",רחוב נחלת בנימין,['אזור מעורב לתעסוקה ולמגורים']
140,0,"{'dominant_colors': {'pink': 0.96524375}, 'line_colors': {}}",רחוב נחלת בנימין,['אזור מעורב לתעסוקה ולמגורים']
142,0,"{'dominant_colors': {'pink': 0.965275}, 'line_colors': {}}",רחוב נחלת בנימין,['אזור מעורב לתעסוקה ולמגורים']
144,0,"{'dominant_colors': {'pink': 0.95503125}, 'line_colors': {}}",רחוב נחלת בנימין,['אזור מעורב לתעסוקה ולמגורים']
146,0,"{'dominant_colors': {'pink': 0.73043125}, 'line_colors': {}}",רחוב נחלת בנימין,['אזור מעורב לתעסוקה ולמגורים']
1,1,"{'dominant_colors': {'pink': 0.42985625}, 'line_colors': {}}",רחוב נחלת בנימין,['אזור מעורב לתעסוקה ולמגורים']
3,1,"{'dominant_colors': {'pink': 0.42985625}, 'line_colors': {}}",רחוב נחלת בנימין,['אזור מעורב לתעסוקה ולמגורים']
5,1,"{'dominant_colors': {'pink': 0.73761875}, 'line_colors': {}}",רחוב נחלת בנימין,['אזור מעורב לתעסוקה ולמגורים']
7,1,"{'dominant_colors': {'pink': 0.94000625}, 'line_colors': {}}",רחוב נחלת בנימין,['אזור מעורב לתעסוקה ולמגורים']
9,1,"{'dominant_colors': {'pink': 0.98448125}, 'line_colors': {}}",רחוב נחלת בנימין,['אזור מעורב לתעסוקה ולמגורים']
11,1,"{'dominant_colors': {'pink': 0.98755625}, 'line_colors': {}}",רחוב נחלת בנימין,['אזור מעורב לתעסוקה ולמגורים']
11א,1,"{'dominant_colors': {'pink': 0.977775}, 'line_colors': {}}",רחוב נחלת בנימין,['אזור מעורב לתעסוקה ולמגורים']
13,1,"{'dominant_colors': {'pink': 0.9961875}, 'line_colors': {}}",רחוב נחלת בנימין,['אזור מעורב לתעסוקה ולמגורים']
15,1,"{'dominant_colors': {'pink': 0.99675}, 'line_colors': {}}",רחוב נחלת בנימין,['אזור מעורב לתעסוקה ולמגורים']
17,1,"{'dominant_colors': {'pink': 0.9986875}, 'line_colors': {}}",רחוב נחלת בנימין,['אזור מעורב לתעסוקה ולמגורים']
19,1,"{'dominant_colors': {'pink': 0.9228375}, 'line_colors': {}}",רחוב נחלת בנימין,['אזור מעורב לתעסוקה ולמגורים']
21,1,"{'dominant_colors': {'pink': 0.99984375}, 'line_colors': {}}",רחוב נחלת בנימין,['אזור מעורב לתעסוקה ולמגורים']
23,1,"{'dominant_colors': {'pink': 0.9754375}, 'line_colors': {}}",רחוב נחלת בנימין,['אזור מעורב לתעסוקה ולמגורים']
23א,1,"{'dominant_colors': {'pink': 0.948}, 'line_colors': {}}",רחוב נחלת בנימין,['אזור מעורב לתעסוקה ולמגורים']
25,1,"{'dominant_colors': {'pink': 0.95940625}, 'line_colors': {}}",רחוב נחלת בנימין,['אזור מעורב לתעסוקה ולמגורים']
27,1,"{'dominant_colors': {'pink': 0.96520625}, 'line_colors': {}}",רחוב נחלת בנימין,['אזור מעורב לתעסוקה ולמגורים']
29,1,"{'dominant_colors': {'pink': 0.996225}, 'line_colors': {}}",רחוב נחלת בנימין,['אזור מעורב לתעסוקה ולמגורים']
31,1,"{'dominant_colors': {'pink': 0.95353125}, 'line_colors': {}}",רחוב נחלת בנימין,['אזור מעורב לתעסוקה ולמגורים']
33,1,"{'dominant_colors': {'pink': 0.94513125}, 'line_colors': {}}",רחוב נחלת בנימין,['אזור מעורב לתעסוקה ולמגורים']
35,1,"{'dominant_colors': {'pink': 0.99425}, 'line_colors': {}}",רחוב נחלת בנימין,['אזור מעורב לתעסוקה ולמגורים']
37,1,"{'dominant_colors': {'pink': 0.999825}, 'line_colors': {}}",רחוב נחלת בנימין,['אזור מעורב לתעסוקה ולמגורים']
39,1,"{'dominant_colors': {'pink': 0.9945625}, 'line_colors': {}}",רחוב נחלת בנימין,['אזור מעורב לתעסוקה ולמגורים']
41,1,"{'dominant_colors': {'pink': 0.99250625}, 'line_colors': {}}",רחוב נחלת בנימין,['אזור מעורב לתעסוקה ולמגורים']
43,1,"{'dominant_colors': {'pink': 0.97818125}, 'line_colors': {}}",רחוב נחלת בנימין,['אזור מעורב לתעסוקה ולמגורים']
45,1,"{'dominant_colors': {'pink': 0.63043125}, 'line_colors': {}}",רחוב נחלת בנימין,['אזור מעורב לתעסוקה ולמגורים']
47,1,"{'dominant_colors': {'pink': 0.45081875}, 'line_colors': {}}",רחוב נחלת בנימין,['אזור מעורב לתעסוקה ולמגורים']
49,1,"{'dominant_colors': {'pink': 0.45081875}, 'line_colors': {}}",רחוב נחלת בנימין,['אזור מעורב לתעסוקה ולמגורים']
51,1,"{'dominant_colors': {'pink': 0.996825}, 'line_colors': {}}",רחוב נחלת בנימין,['אזור מעורב לתעסוקה ולמגורים']
53,1,"{'dominant_colors': {'pink': 0.99109375}, 'line_colors': {}}",רחוב נחלת בנימין,['אזור מעורב לתעסוקה ולמגורים']
55,1,"{'dominant_colors': {'pink': 0.99655625}, 'line_colors': {}}",רחוב נחלת בנימין,['אזור מעורב לתעסוקה ולמגורים']
57,1,"{'dominant_colors': {'pink': 0.9788125}, 'line_colors': {}}",רחוב נחלת בנימין,['אזור מעורב לתעסוקה ולמגורים']
59,1,"{'dominant_colors': {'pink': 0.97805625}, 'line_colors': {}}",רחוב נחלת בנימין,['אזור מעורב לתעסוקה ולמגורים']
61,1,"{'dominant_colors': {'purple_3': 0.59906875, 'shiny_pink': 0.22983125}, 'line_colors': {}}",רחוב נחלת בנימין,"['אזור תעסוקה מטרופוליני', 'אזור תעסוקה סמוך להסעת המונים']"
63,1,"{'dominant_colors': {'purple_3': 0.6820625, 'shiny_pink': 0.26503125}, 'line_colors': {}}",רחוב נחלת בנימין,"['אזור תעסוקה מטרופוליני', 'אזור תעסוקה סמוך להסעת המונים']"
63א,1,"{'dominant_colors': {'purple_3': 0.6823, 'shiny_pink': 0.197525}, 'line_colors': {}}",רחוב נחלת בנימין,"['אזור תעסוקה מטרופוליני', 'אזור תעסוקה סמוך להסעת המונים']"
65,1,"{'dominant_colors': {'purple_3': 0.5165, 'shiny_pink': 0.23019375}, 'line_colors': {}}",רחוב נחלת בנימין,"['אזור תעסוקה מטרופוליני', 'אזור תעסוקה סמוך להסעת המונים']"
67,1,"{'dominant_colors': {'purple_3': 0.5165, 'shiny_pink': 0.23019375}, 'line_colors': {}}",רחוב נחלת בנימין,"['אזור תעסוקה מטרופוליני', 'אזור תעסוקה סמוך להסעת המונים']"
69,1,"{'dominant_colors': {'purple_3': 0.73295625, 'shiny_pink': 0.222725}, 'line_colors': {}}",רחוב נחלת בנימין,"['אזור תעסוקה מטרופוליני', 'אזור תעסוקה סמוך להסעת המונים']"
71,1,"{'dominant_colors': {'purple_3': 0.8023125, 'shiny_pink': 0.16475625}, 'line_colors': {}}",רחוב נחלת בנימין,"['אזור תעסוקה מטרופוליני', 'אזור תעסוקה סמוך להסעת המונים']"
73,1,"{'dominant_colors': {'purple_3': 0.8753375, 'shiny_pink': 0.05365}, 'line_colors': {}}",רחוב נחלת בנימין,"['אזור תעסוקה מטרופוליני', 'אזור תעסוקה סמוך להסעת המונים']"
75,1,"{'dominant_colors': {'purple_3': 0.64750625, 'shiny_pink': 0.2952875}, 'line_colors': {}}",רחוב נחלת בנימין,"['אזור תעסוקה מטרופוליני', 'אזור תעסוקה סמוך להסעת המונים']"
77,1,"{'dominant_colors': {'purple_3': 0.68055625, 'shiny_pink': 0.238525}, 'line_colors': {}}",רחוב נחלת בנימין,"['אזור תעסוקה מטרופוליני', 'אזור תעסוקה סמוך להסעת המונים']"
81,1,"{'dominant_colors': {'purple_3': 0.76318125, 'shiny_pink': 0.13619375}, 'line_colors': {}}",רחוב נחלת בנימין,"['אזור תעסוקה מטרופוליני', 'אזור תעסוקה סמוך להסעת המונים']"
83,1,"{'dominant_colors': {'purple_3': 0.71546875, 'shiny_pink': 0.23110625}, 'line_colors': {}}",רחוב נחלת בנימין,"['אזור תעסוקה מטרופוליני', 'אזור תעסוקה סמוך להסעת המונים']"
83א,1,"{'dominant_colors': {'purple_3': 0.62246875, 'shiny_pink': 0.2586375}, 'line_colors': {}}",רחוב נחלת בנימין,"['אזור תעסוקה מטרופוליני', 'אזור תעסוקה סמוך להסעת המונים']"
85,1,"{'dominant_colors': {'purple_3': 0.379975}, 'line_colors': {}}",רחוב נחלת בנימין,['אזור תעסוקה מטרופוליני']
85א,1,"{'dominant_colors': {'purple_3': 0.7493625, 'shiny_pink': 0.14400625}, 'line_colors': {}}",רחוב נחלת בנימין,"['אזור תעסוקה מטרופוליני', 'אזור תעסוקה סמוך להסעת המונים']"
87,1,"{'dominant_colors': {'purple_3': 0.80655625}, 'line_colors': {}}",רחוב נחלת בנימין,['אזור תעסוקה מטרופוליני']
89,1,"{'dominant_colors': {'purple_3': 0.58221875}, 'line_colors': {}}",רחוב נחלת בנימין,['אזור תעסוקה מטרופוליני']
91,1,"{'dominant_colors': {'pink': 0.331525}, 'line_colors': {}}",רחוב נחלת בנימין,['אזור מעורב לתעסוקה ולמגורים']
93,1,"{'dominant_colors': {'pink': 0.6509}, 'line_colors': {}}",רחוב נחלת בנימין,['אזור מעורב לתעסוקה ולמגורים']
95,1,"{'dominant_colors': {'pink': 0.94311875}, 'line_colors': {}}",רחוב נחלת בנימין,['אזור מעורב לתעסוקה ולמגורים']
97,1,"{'dominant_colors': {'pink': 0.93528125}, 'line_colors': {}}",רחוב נחלת בנימין,['אזור מעורב לתעסוקה ולמגורים']
99,1,"{'dominant_colors': {'pink': 0.9389125}, 'line_colors': {}}",רחוב נחלת בנימין,['אזור מעורב לתעסוקה ולמגורים']
101,1,"{'dominant_colors': {'pink': 0.94238125}, 'line_colors': {}}",רחוב נחלת בנימין,['אזור מעורב לתעסוקה ולמגורים']
103,1,"{'dominant_colors': {'pink': 0.93810625}, 'line_colors': {}}",רחוב נחלת בנימין,['אזור מעורב לתעסוקה ולמגורים']
105,1,"{'dominant_colors': {'pink': 0.90928125}, 'line_colors': {}}",רחוב נחלת בנימין,['אזור מעורב לתעסוקה ולמגורים']
107,1,"{'dominant_colors': {'pink': 0.906225}, 'line_colors': {}}",רחוב נחלת בנימין,['אזור מעורב לתעסוקה ולמגורים']
109,1,"{'dominant_colors': {'pink': 0.934425}, 'line_colors': {}}",רחוב נחלת בנימין,['אזור מעורב לתעסוקה ולמגורים']
111,1,"{'dominant_colors': {'pink': 0.93475625}, 'line_colors': {}}",רחוב נחלת בנימין,['אזור מעורב לתעסוקה ולמגורים']
113,1,"{'dominant_colors': {'pink': 0.92330625}, 'line_colors': {}}",רחוב נחלת בנימין,['אזור מעורב לתעסוקה ולמגורים']
115,1,"{'dominant_colors': {'pink': 0.92621875}, 'line_colors': {}}",רחוב נחלת בנימין,['אזור מעורב לתעסוקה ולמגורים']
117,1,"{'dominant_colors': {'pink': 0.93711875}, 'line_colors': {}}",רחוב נחלת בנימין,['אזור מעורב לתעסוקה ולמגורים']
119,1,"{'dominant_colors': {'pink': 0.94383125}, 'line_colors': {}}",רחוב נחלת בנימין,['אזור מעורב לתעסוקה ולמגורים']
121,1,"{'dominant_colors': {'pink': 0.9396375}, 'line_colors': {}}",רחוב נחלת בנימין,['אזור מעורב לתעסוקה ולמגורים']
123,1,"{'dominant_colors': {'pink': 0.92361875}, 'line_colors': {}}",רחוב נחלת בנימין,['אזור מעורב לתעסוקה ולמגורים']
125,1,"{'dominant_colors': {'pink': 0.94940625}, 'line_colors': {}}",רחוב נחלת בנימין,['אזור מעורב לתעסוקה ולמגורים']
127,1,"{'dominant_colors': {'pink': 0.9451375}, 'line_colors': {}}",רחוב נחלת בנימין,['אזור מעורב לתעסוקה ולמגורים']
129,1,"{'dominant_colors': {'pink': 0.95096875}, 'line_colors': {}}",רחוב נחלת בנימין,['אזור מעורב לתעסוקה ולמגורים']
131,1,"{'dominant_colors': {'pink': 0.94883125}, 'line_colors': {}}",רחוב נחלת בנימין,['אזור מעורב לתעסוקה ולמגורים']
131א,1,"{'dominant_colors': {'pink': 0.94215625}, 'line_colors': {}}",רחוב נחלת בנימין,['אזור מעורב לתעסוקה ולמגורים']
133,1,"{'dominant_colors': {'pink': 0.93800625}, 'line_colors': {}}",רחוב נחלת בנימין,['אזור מעורב לתעסוקה ולמגורים']
137,1,"{'dominant_colors': {'pink': 0.93144375}, 'line_colors': {}}",רחוב נחלת בנימין,['אזור מעורב לתעסוקה ולמגורים']
139א,1,"{'dominant_colors': {'pink': 0.935475}, 'line_colors': {}}",רחוב נחלת בנימין,['אזור מעורב לתעסוקה ולמגורים']
141,1,"{'dominant_colors': {'pink': 0.93250625}, 'line_colors': {}}",רחוב נחלת בנימין,['אזור מעורב לתעסוקה ולמגורים']
143,1,"{'dominant_colors': {'pink': 0.9352125}, 'line_colors': {}}",רחוב נחלת בנימין,['אזור מעורב לתעסוקה ולמגורים']
145,1,"{'dominant_colors': {'pink': 0.943425}, 'line_colors': {}}",רחוב נחלת בנימין,['אזור מעורב לתעסוקה ולמגורים']
147,1,"{'dominant_colors': {'pink': 0.949825}, 'line_colors': {}}",רחוב נחלת בנימין,['אזור מעורב לתעסוקה ולמגורים']
149,1,"{'dominant_colors': {'pink': 0.9592875}, 'line_colors': {}}",רחוב נחלת בנימין,['אזור מעורב לתעסוקה ולמגורים']
151,1,"{'dominant_colors': {'pink': 0.96514375}, 'line_colors': {}}",רחוב נחלת בנימין,['אזור מעורב לתעסוקה ולמגורים']
153,1,"{'dominant_colors': {'pink': 0.96544375}, 'line_colors': {}}",רחוב נחלת בנימין,['אזור מעורב לתעסוקה ולמגורים']
155,1,"{'dominant_colors': {'pink': 0.96544375}, 'line_colors': {}}",רחוב נחלת בנימין,['אזור מעורב לתעסוקה ולמגורים']
157,1,"{'dominant_colors': {'pink': 0.96493125}, 'line_colors': {}}",רחוב נחלת בנימין,['אזור מעורב לתעסוקה ולמגורים']
159,1,"{'dominant_colors': {'pink': 0.9651}, 'line_colors': {}}",רחוב נחלת בנימין,['אזור מעורב לתעסוקה ולמגורים']
161,1,"{'dominant_colors': {'pink': 0.9651}, 'line_colors': {}}",רחוב נחלת בנימין,['אזור מעורב לתעסוקה ולמגורים']
2א,0,"{'dominant_colors': {'purple_1': 0.362442996742671}, 'line_colors': {}}",רחוב יהודה המכבי,['חזית מסחרית']
2ב,0,"{'dominant_colors': {'orange': 0.644}, 'line_colors': {}}",רחוב יהודה המכבי,['אזור מגורים בבניה עירונית']
2ג,0,"{'dominant_colors': {'orange': 0.8698125}, 'line_colors': {}}",רחוב יהודה המכבי,['אזור מגורים בבניה עירונית']
4,0,"{'dominant_colors': {'purple_1': 0.37198125}, 'line_colors': {}}",רחוב יהודה המכבי,['חזית מסחרית']
6,0,"{'dominant_colors': {'purple_1': 0.5401125, 'orange': 0.3018375}, 'line_colors': {'purple_1': 0.20914375}}",רחוב יהודה המכבי,"['אזור מגורים בבניה עירונית', 'חזית מסחרית']"
8,0,"{'dominant_colors': {'purple_1': 0.50490625}, 'line_colors': {'purple_1': 0.23385625}}",רחוב יהודה המכבי,['חזית מסחרית']
10,0,"{'dominant_colors': {'purple_1': 0.52293125, 'maccabi_yellow': 0.35570625}, 'line_colors': {'purple_1': 0.2056375}}",רחוב יהודה המכבי,"['אזור מגורים בבניה עירונית נמוכה', 'חזית מסחרית']"
12,0,"{'dominant_colors': {'purple_1': 0.52155, 'maccabi_yellow': 0.3386875}, 'line_colors': {}}",רחוב יהודה המכבי,"['אזור מגורים בבניה עירונית נמוכה', 'חזית מסחרית']"
14,0,"{'dominant_colors': {'purple_1': 0.50845625}, 'line_colors': {}}",רחוב יהודה המכבי,['חזית מסחרית']
16,0,"{'dominant_colors': {'purple_1': 0.5007875}, 'line_colors': {'purple_1': 0.3224875}}",רחוב יהודה המכבי,['חזית מסחרית']
18,0,"{'dominant_colors': {'maccabi_yellow': 0.6017125}, 'line_colors': {'purple_1': 0.34755}}",רחוב יהודה המכבי,"['אזור מגורים בבניה עירונית נמוכה', 'חזית מסחרית']"
20,0,"{'dominant_colors': {'purple_1': 0.4516125, 'maccabi_yellow': 0.303775}, 'line_colors': {}}",רחוב יהודה המכבי,"['אזור מגורים בבניה עירונית נמוכה', 'חזית מסחרית']"
22,0,"{'dominant_colors': {'purple_1': 0.49895625, 'maccabi_yellow': 0.35575625}, 'line_colors': {}}",רחוב יהודה המכבי,"['אזור מגורים בבניה עירונית נמוכה', 'חזית מסחרית']"
24,0,"{'dominant_colors': {'purple_1': 0.52275625}, 'line_colors': {}}",רחוב יהודה המכבי,['חזית מסחרית']
26,0,"{'dominant_colors': {'purple_1': 0.51788125}, 'line_colors': {'purple_1': 0.20784375}}",רחוב יהודה המכבי,['חזית מסחרית']
28,0,"{'dominant_colors': {'purple_1': 0.49240625}, 'line_colors': {'purple_1': 0.2136125}}",רחוב יהודה המכבי,['חזית מסחרית']
30,0,"{'dominant_colors': {'purple_1': 0.47780625}, 'line_colors': {'purple_1': 0.22275}}",רחוב יהודה המכבי,['חזית מסחרית']
30א,0,"{'dominant_colors': {'purple_1': 0.55585625, 'orange': 0.3456125}, 'line_colors': {'purple_1': 0.205225}}",רחוב יהודה המכבי,"['אזור מגורים בבניה עירונית', 'חזית מסחרית']"
32,0,"{'dominant_colors': {'purple_1': 0.52101875}, 'line_colors': {}}",רחוב יהודה המכבי,['חזית מסחרית']
34,0,"{'dominant_colors': {'purple_1': 0.53949375, 'orange': 0.3608875}, 'line_colors': {'purple_1': 0.20331875}}",רחוב יהודה המכבי,"['אזור מגורים בבניה עירונית', 'חזית מסחרית']"
36,0,"{'dominant_colors': {'purple_1': 0.54588125}, 'line_colors': {'purple_1': 0.58663125}}",רחוב יהודה המכבי,['חזית מסחרית']
38,0,"{'dominant_colors': {'orange': 1.0}, 'line_colors': {}}",רחוב יהודה המכבי,['אזור מגורים בבניה עירונית']
40,0,"{'dominant_colors': {'purple_1': 0.50950625}, 'line_colors': {}}",רחוב יהודה המכבי,['חזית מסחרית']
42,0,"{'dominant_colors': {'purple_1': 0.508275}, 'line_colors': {'purple_1': 0.2325375}}",רחוב יהודה המכבי,['חזית מסחרית']
42א,0,"{'dominant_colors': {'purple_1': 0.5126875, 'maccabi_yellow': 0.33429375}, 'line_colors': {}}",רחוב יהודה המכבי,"['אזור מגורים בבניה עירונית נמוכה', 'חזית מסחרית']"
44,0,"{'dominant_colors': {'purple_1': 0.411275}, 'line_colors': {'purple_1': 0.396475}}",רחוב יהודה המכבי,['חזית מסחרית']
44א,0,"{'dominant_colors': {'purple_1': 0.48364375, 'maccabi_yellow': 0.40024375}, 'line_colors': {'purple_1': 0.2213625}}",רחוב יהודה המכבי,"['אזור מגורים בבניה עירונית נמוכה', 'חזית מסחרית']"
46,0,"{'dominant_colors': {'purple_1': 0.5177875, 'maccabi_yellow': 0.3678}, 'line_colors': {'purple_1': 0.20880625}}",רחוב יהודה המכבי,"['אזור מגורים בבניה עירונית נמוכה', 'חזית מסחרית']"
48,0,"{'dominant_colors': {'purple_1': 0.51445625, 'maccabi_yellow': 0.36468125}, 'line_colors': {'purple_1': 0.31805625}}",רחוב יהודה המכבי,"['אזור מגורים בבניה עירונית נמוכה', 'חזית מסחרית']"
50,0,"{'dominant_colors': {'purple_1': 0.49743125, 'maccabi_yellow': 0.41856875}, 'line_colors': {'purple_1': 0.2220875}}",רחוב יהודה המכבי,"['אזור מגורים בבניה עירונית נמוכה', 'חזית מסחרית']"
52,0,"{'dominant_colors': {'purple_1': 0.48219375, 'maccabi_yellow': 0.38975}, 'line_colors': {}}",רחוב יהודה המכבי,"['אזור מגורים בבניה עירונית נמוכה', 'חזית מסחרית']"
54,0,"{'dominant_colors': {'purple_1': 0.48558125, 'maccabi_yellow': 0.3297875}, 'line_colors': {'purple_1': 0.31780625}}",רחוב יהודה המכבי,"['אזור מגורים בבניה עירונית נמוכה', 'חזית מסחרית']"
56,0,"{'dominant_colors': {'purple_1': 0.47248125, 'maccabi_yellow': 0.40305625}, 'line_colors': {'purple_1': 0.2241875}}",רחוב יהודה המכבי,"['אזור מגורים בבניה עירונית נמוכה', 'חזית מסחרית']"
58,0,"{'dominant_colors': {'purple_1': 0.4805125, 'maccabi_yellow': 0.3465375}, 'line_colors': {}}",רחוב יהודה המכבי,"['אזור מגורים בבניה עירונית נמוכה', 'חזית מסחרית']"
60,0,"{'dominant_colors': {'purple_1': 0.51444375}, 'line_colors': {}}",רחוב יהודה המכבי,['חזית מסחרית']
62,0,"{'dominant_colors': {'purple_1': 0.52325}, 'line_colors': {}}",רחוב יהודה המכבי,['חזית מסחרית']
64,0,"{'dominant_colors': {'purple_1': 0.5416125, 'orange': 0.315875}, 'line_colors': {'purple_1': 0.34264375}}",רחוב יהודה המכבי,"['אזור מגורים בבניה עירונית', 'חזית מסחרית']"
66,0,"{'dominant_colors': {'purple_1': 0.49106875, 'orange': 0.39160625}, 'line_colors': {'purple_1': 0.28060625}}",רחוב יהודה המכבי,"['אזור מגורים בבניה עירונית', 'חזית מסחרית']"
68,0,"{'dominant_colors': {'purple_1': 0.45294375, 'orange': 0.44535}, 'line_colors': {'purple_1': 0.2173375}}",רחוב יהודה המכבי,"['אזור מגורים בבניה עירונית', 'חזית מסחרית']"
70,0,"{'dominant_colors': {'purple_1': 0.4699, 'orange': 0.43381875}, 'line_colors': {}}",רחוב יהודה המכבי,"['אזור מגורים בבניה עירונית', 'חזית מסחרית']"
72,0,"{'dominant_colors': {'purple_1': 0.4699, 'orange': 0.43381875}, 'line_colors': {}}",רחוב יהודה המכבי,"['אזור מגורים בבניה עירונית', 'חזית מסחרית']"
1,1,"{'dominant_colors': {'orange': 0.41130625}, 'line_colors': {'purple_1': 0.48608125}}",רחוב יהודה המכבי,"['אזור מגורים בבניה עירונית', 'חזית מסחרית']"
1א,1,"{'dominant_colors': {'orange': 0.41130625}, 'line_colors': {'purple_1': 0.48608125}}",רחוב יהודה המכבי,"['אזור מגורים בבניה עירונית', 'חזית מסחרית']"
1ב,1,"{'dominant_colors': {'orange': 0.41130625}, 'line_colors': {'purple_1': 0.48608125}}",רחוב יהודה המכבי,"['אזור מגורים בבניה עירונית', 'חזית מסחרית']"
1ג,1,"{'dominant_colors': {'orange': 0.8788375}, 'line_colors': {'purple_1': 0.33275}}",רחוב יהודה המכבי,"['אזור מגורים בבניה עירונית', 'חזית מסחרית']"
3,1,"{'dominant_colors': {'orange': 0.80390625}, 'line_colors': {}}",רחוב יהודה המכבי,['אזור מגורים בבניה עירונית']
5,1,"{'dominant_colors': {'orange': 0.64648125}, 'line_colors': {}}",רחוב יהודה המכבי,['אזור מגורים בבניה עירונית']
7,1,"{'dominant_colors': {'orange': 0.71003125}, 'line_colors': {'purple_1': 0.38100625}}",רחוב יהודה המכבי,"['אזור מגורים בבניה עירונית', 'חזית מסחרית']"
9,1,"{'dominant_colors': {'orange': 0.69103125}, 'line_colors': {'purple_1': 0.50411875}}",רחוב יהודה המכבי,"['אזור מגורים בבניה עירונית', 'חזית מסחרית']"
11,1,"{'dominant_colors': {'orange': 0.7073}, 'line_colors': {'purple_1': 0.50543125}}",רחוב יהודה המכבי,"['אזור מגורים בבניה עירונית', 'חזית מסחרית']"
13,1,"{'dominant_colors': {'orange': 0.60741875}, 'line_colors': {'purple_1': 0.5042875}}",רחוב יהודה המכבי,"['אזור מגורים בבניה עירונית', 'חזית מסחרית']"
15,1,"{'dominant_colors': {'orange': 0.54390625}, 'line_colors': {'purple_1': 0.52348125}}",רחוב יהודה המכבי,"['אזור מגורים בבניה עירונית', 'חזית מסחרית']"
17,1,"{'dominant_colors': {'maccabi_yellow': 0.73205}, 'line_colors': {'purple_1': 0.49578125}}",רחוב יהודה המכבי,"['אזור מגורים בבניה עירונית נמוכה', 'חזית מסחרית']"
21,1,"{'dominant_colors': {'maccabi_yellow': 0.71300625}, 'line_colors': {'purple_1': 0.51611875}}",רחוב יהודה המכבי,"['אזור מגורים בבניה עירונית נמוכה', 'חזית מסחרית']"
23,1,"{'dominant_colors': {'maccabi_yellow': 0.7667625}, 'line_colors': {'purple_1': 0.49438125}}",רחוב יהודה המכבי,"['אזור מגורים בבניה עירונית נמוכה', 'חזית מסחרית']"
25,1,"{'dominant_colors': {'maccabi_yellow': 0.76015625}, 'line_colors': {'purple_1': 0.52343125}}",רחוב יהודה המכבי,"['אזור מגורים בבניה עירונית נמוכה', 'חזית מסחרית']"
27,1,"{'dominant_colors': {'maccabi_yellow': 0.7476625}, 'line_colors': {'purple_1': 0.52579375}}",רחוב יהודה המכבי,"['אזור מגורים בבניה עירונית נמוכה', 'חזית מסחרית']"
29,1,"{'dominant_colors': {'maccabi_yellow': 0.66325625}, 'line_colors': {'purple_1': 0.5207125}}",רחוב יהודה המכבי,"['אזור מגורים בבניה עירונית נמוכה', 'חזית מסחרית']"
31,1,"{'dominant_colors': {'maccabi_yellow': 0.750825}, 'line_colors': {'purple_1': 0.52369375}}",רחוב יהודה המכבי,"['אזור מגורים בבניה עירונית נמוכה', 'חזית מסחרית']"
33,1,"{'dominant_colors': {'maccabi_yellow': 0.77649375}, 'line_colors': {'purple_1': 0.48689375}}",רחוב יהודה המכבי,"['אזור מגורים בבניה עירונית נמוכה', 'חזית מסחרית']"
35,1,"{'dominant_colors': {'maccabi_yellow': 0.74823125}, 'line_colors': {'purple_1': 0.5009125}}",רחוב יהודה המכבי,"['אזור מגורים בבניה עירונית נמוכה', 'חזית מסחרית']"
37,1,"{'dominant_colors': {'maccabi_yellow': 0.739625}, 'line_colors': {'purple_1': 0.5091125}}",רחוב יהודה המכבי,"['אזור מגורים בבניה עירונית נמוכה', 'חזית מסחרית']"
39,1,"{'dominant_colors': {'maccabi_yellow': 0.6895}, 'line_colors': {'purple_1': 0.4957}}",רחוב יהודה המכבי,"['אזור מגורים בבניה עירונית נמוכה', 'חזית מסחרית']"
41,1,"{'dominant_colors': {'maccabi_yellow': 0.74456875}, 'line_colors': {'purple_1': 0.52556875}}",רחוב יהודה המכבי,"['אזור מגורים בבניה עירונית נמוכה', 'חזית מסחרית']"
43,1,"{'dominant_colors': {'maccabi_yellow': 0.535375}, 'line_colors': {'purple_1': 0.52081875}}",רחוב יהודה המכבי,"['אזור מגורים בבניה עירונית נמוכה', 'חזית מסחרית']"
45,1,"{'dominant_colors': {'orange': 0.7765625}, 'line_colors': {'purple_1': 0.55554375}}",רחוב יהודה המכבי,"['אזור מגורים בבניה עירונית', 'חזית מסחרית']"
47,1,"{'dominant_colors': {'orange': 0.738675}, 'line_colors': {'purple_1': 0.55598125}}",רחוב יהודה המכבי,"['אזור מגורים בבניה עירונית', 'חזית מסחרית']"
47א,1,"{'dominant_colors': {'orange': 0.7905875}, 'line_colors': {'purple_1': 0.4931}}",רחוב יהודה המכבי,"['אזור מגורים בבניה עירונית', 'חזית מסחרית']"
49,1,"{'dominant_colors': {'orange': 0.7841875}, 'line_colors': {'purple_1': 0.5210625}}",רחוב יהודה המכבי,"['אזור מגורים בבניה עירונית', 'חזית מסחרית']"
51,1,"{'dominant_colors': {'orange': 0.74695625}, 'line_colors': {'purple_1': 0.52429375}}",רחוב יהודה המכבי,"['אזור מגורים בבניה עירונית', 'חזית מסחרית']"
53,1,"{'dominant_colors': {'maccabi_yellow': 0.358675}, 'line_colors': {'purple_1': 0.52408125}}",רחוב יהודה המכבי,"['אזור מגורים בבניה עירונית נמוכה', 'חזית מסחרית']"
55,1,"{'dominant_colors': {'maccabi_yellow': 0.4811375}, 'line_colors': {'purple_1': 0.5047}}",רחוב יהודה המכבי,"['אזור מגורים בבניה עירונית נמוכה', 'חזית מסחרית']"
57,1,"{'dominant_colors': {'maccabi_yellow': 0.725925}, 'line_colors': {'purple_1': 0.5119625}}",רחוב יהודה המכבי,"['אזור מגורים בבניה עירונית נמוכה', 'חזית מסחרית']"
59,1,"{'dominant_colors': {'maccabi_yellow': 0.7098375}, 'line_colors': {'purple_1': 0.50811875}}",רחוב יהודה המכבי,"['אזור מגורים בבניה עירונית נמוכה', 'חזית מסחרית']"
61,1,"{'dominant_colors': {'maccabi_yellow': 0.636625}, 'line_colors': {'purple_1': 0.52978125}}",רחוב יהודה המכבי,"['אזור מגורים בבניה עירונית נמוכה', 'חזית מסחרית']"
63,1,"{'dominant_colors': {'maccabi_yellow': 0.69063125}, 'line_colors': {'purple_1': 0.52374375}}",רחוב יהודה המכבי,"['אזור מגורים בבניה עירונית נמוכה', 'חזית מסחרית']"
65,1,"{'dominant_colors': {'maccabi_yellow': 0.6757}, 'line_colors': {'purple_1': 0.49506875}}",רחוב יהודה המכבי,"['אזור מגורים בבניה עירונית נמוכה', 'חזית מסחרית']"
67,1,"{'dominant_colors': {'maccabi_yellow': 0.66301875}, 'line_colors': {'purple_1': 0.48783125}}",רחוב יהודה המכבי,"['אזור מגורים בבניה עירונית נמוכה', 'חזית מסחרית']"
69,1,"{'dominant_colors': {'maccabi_yellow': 0.65093125}, 'line_colors': {'purple_1': 0.50273125}}",רחוב יהודה המכבי,"['אזור מגורים בבניה עירונית נמוכה', 'חזית מסחרית']"
71,1,"{'dominant_colors': {'maccabi_yellow': 0.720425}, 'line_colors': {'purple_1': 0.5056625}}",רחוב יהודה המכבי,"['אזור מגורים בבניה עירונית נמוכה', 'חזית מסחרית']"
73,1,"{'dominant_colors': {'maccabi_yellow': 0.70379375}, 'line_colors': {'purple_1': 0.50723125}}",רחוב יהודה המכבי,"['אזור מגורים בבניה עירונית נמוכה', 'חזית מסחרית']"
75,1,"{'dominant_colors': {'maccabi_yellow': 0.75888125}, 'line_colors': {'purple_1': 0.5092}}",רחוב יהודה המכבי,"['אזור מגורים בבניה עירונית נמוכה', 'חזית מסחרית']"
77,1,"{'dominant_colors': {'maccabi_yellow': 0.7558875}, 'line_colors': {'purple_1': 0.469175}}",רחוב יהודה המכבי,"['אזור מגורים בבניה עירונית נמוכה', 'חזית מסחרית']"
79,1,"{'dominant_colors': {'maccabi_yellow': 0.7272875}, 'line_colors': {'purple_1': 0.471075}}",רחוב יהודה המכבי,"['אזור מגורים בבניה עירונית נמוכה', 'חזית מסחרית']"
81,1,"{'dominant_colors': {'maccabi_yellow': 0.69448125}, 'line_colors': {'purple_1': 0.50915625}}",רחוב יהודה המכבי,"['אזור מגורים בבניה עירונית נמוכה', 'חזית מסחרית']"
83,1,"{'dominant_colors': {'maccabi_yellow': 0.6931125}, 'line_colors': {'purple_1': 0.5505875}}",רחוב יהודה המכבי,"['אזור מגורים בבניה עירונית נמוכה', 'חזית מסחרית']"
85,1,"{'dominant_colors': {'maccabi_yellow': 0.62481875}, 'line_colors': {'purple_1': 0.5402125}}",רחוב יהודה המכבי,"['אזור מגורים בבניה עירונית נמוכה', 'חזית מסחרית']"
87,1,"{'dominant_colors': {'maccabi_yellow': 0.4806625}, 'line_colors': {'purple_1': 0.53480625}}",רחוב יהודה המכבי,"['אזור מגורים בבניה עירונית נמוכה', 'חזית מסחרית']"
89,1,"{'dominant_colors': {'orange': 0.5099625}, 'line_colors': {'purple_1': 0.50828125}}",רחוב יהודה המכבי,"['אזור מגורים בבניה עירונית', 'חזית מסחרית']"
91,1,"{'dominant_colors': {'orange': 0.6876}, 'line_colors': {'purple_1': 0.56283125}}",רחוב יהודה המכבי,"['אזור מגורים בבניה עירונית', 'חזית מסחרית']"
93,1,"{'dominant_colors': {'orange': 0.8268}, 'line_colors': {'purple_1': 0.53470625}}",רחוב יהודה המכבי,"['אזור מגורים בבניה עירונית', 'חזית מסחרית']"
95,1,"{'dominant_colors': {'orange': 0.7896}, 'line_colors': {'purple_1': 0.3152875}}",רחוב יהודה המכבי,"['אזור מגורים בבניה עירונית', 'חזית מסחרית']"
97,1,"{'dominant_colors': {'orange': 0.7896}, 'line_colors': {'purple_1': 0.3152875}}",רחוב יהודה המכבי,"['אזור מגורים בבניה עירונית', 'חזית מסחרית']"
